,tokenized_pros,company
35762,"['great', 'place', 'work']",facebook
35441,"['ive', 'work', 'differ', 'compani', 'invest', 'bank', 'cpg', 'tech', 'compani', 'noth', 'beat', 'peopl', 'amaz', 'mention', 'wick', 'smart', 'youll', 'surround', 'talent', 'peopl', 'world', 'mission', 'chang', 'world']",facebook
6822,"['organ', 'innov', 'take', 'care', 'employ', 'offer', 'lot', 'train', 'learn', 'opportun', 'peopl', 'usual', 'collabor', 'interest', 'profession', 'inspir']",google
910,"['realli', 'great', 'innov', 'team']",google
4597,"['thing', 'youv', 'alreadi', 'read', 'food', 'dog', 'look', 'great', 'resum', 'your', 'readi', 'move', 'career', 'resum', 'context', 'almost', 'guarante', 'initi', 'interview', 'folk', 'curiou', 'would', 'ever', 'want', 'leav']",google
35575,"['awesom', 'peopl', 'open', 'cultur', 'high', 'level', 'trust', 'littl', 'bs', 'bureaucraci']",facebook
59436,"['lot', 'role', 'also', 'mean', 'get', 'round', 'experi', 'would', 'differ', 'role', 'across', 'differ', 'team', 'life', 'stay', 'interest']",microsoft
35042,"['mission', 'mean', 'smart', 'peopl', 'learn', 'big', 'challeng', 'tackl', 'everi', 'day']",facebook
3837,"['usual', 'good', 'stuff', 'free', 'food', 'good', 'comp']",google
61524,"['experi', 'guess', 'benefit', 'good']",microsoft
36225,"['collabor', 'environ', 'great', 'colleagu', 'great', 'pay', 'peopl', 'adult']",netflix
34753,"['awesom', 'colleagu', 'talent', 'driven', 'open', 'cultur', 'lot', 'structur', 'unstructur', 'learn', 'take', 'place', 'manag', 'usual', 'pretti', 'good', 'peopl', 'meaning', 'compani', 'mission', 'impact', 'individu', 'work', 'perk', 'fantast']",facebook
35004,"['open', 'cultur', 'secret', 'project', 'opportun', 'growth', 'access', 'manag', 'via', 'weekli', 'qa', 'lot', 'learn', 'develop', 'cours', 'encourag', 'work', 'passion', 'perk', 'benefit', 'chang', 'accord', 'employe', 'want']",facebook
35138,"['opinion', 'oper', 'polici', 'extrem', 'trust', 'respect', 'employe', 'give', 'us', 'mani', 'privileg', 'opportun', 'trust', 'us', 'screw', 'thing', 'abus', 'privileg', 'return', 'employe', 'respect', 'compani', 'back', 'addit', 'everyon', 'ridicul', 'smart', 'amaz', 'pleasur', 'work']",facebook
35791,"['give', 'opportun', 'build', 'career', 'way', 'would', 'like', 'amaz', 'work', 'cultur', 'support', 'help', 'colleagu']",facebook
64810,"['good', 'team', 'work', 'enviro']",microsoft
35043,"['amaz', 'place', 'mani', 'way', 'benefit', 'perk', 'liter', 'best', 'possibl', 'ask', 'calib', 'peopl', 'amaz', 'well', 'fact', 'littl', 'scari', 'intimid', 'like', 'fast', 'pace', 'place', 'product', 'chang', 'overnight']",facebook
66210,"['salari', 'ok', 'much', 'polit', 'field']",microsoft
34598,"['lot', 'free', 'snack', 'food', 'great', 'cultur', 'gener', 'salari']",facebook
36175,"['treat', 'adult', 'minim', 'micro', 'manag', 'expect', 'take', 'lead', 'project', 'ampl', 'space', 'tri', 'thing', 'pm', 'will', 'listen', 'tri', 'idea', 'via', 'ab', 'test']",netflix
6837,"['benefit', 'good', 'good', 'compani']",google
62570,"['car', 'bonu', 'phone', 'beauti', 'campu', 'expens']",microsoft
34540,"['open', 'cultur', 'innov', 'smart', 'peopl', 'great', 'benefit', 'perk']",facebook
2469,"['good', 'perk', 'food', 'gener', 'lifestyl']",google
5241,"['great', 'peopl', 'dynam', 'fast', 'pace', 'workplac']",google
66041,"['great', 'project', 'huge', 'user', 'base', 'opportun', 'grow', 'perfect', 'work', 'life', 'balanc', 'strong', 'global', 'strategi']",microsoft
35433,"['smartest', 'passion', 'peopl', 'ever', 'work', 'compani', 'mean', 'much', 'mani', 'humbl', 'employe']",facebook
56976,"['still', 'possess', 'strong', 'brain', 'trust', 'area', 'technolog', 'hardwar', 'softwar', 'middlewar', 'method', 'intellectu', 'properti', 'encount', 'mani', 'strong', 'mind', 'softwar', 'engin', 'program', 'manag', 'get', 'trust', 'could', 'learn', 'choic', 'made', 'base', 'project', 'context', 'tribal', 'knowledg', 'offici', 'compani', 'ideal', 'right', 'chang', 'world', 'provid', 'valu', 'custom', 'benefit', 'competit', 'better', 'high', 'tech', 'compani']",microsoft
34380,"['reason', 'pay', 'plenti', 'perk']",facebook
36241,"['great', 'pay', 'employe', 'fun', 'work', 'environ', 'progress', 'product', 'excel', 'work', 'life', 'balanc']",netflix
34959,"['peopl', 'flexibl', 'challeng', 'growth', 'potenti', 'life', 'benefit', 'program']",facebook
36274,"['compani', 'innov', 'outlook', 'potenti', 'futur', 'campaign', 'keep', 'lead', 'edg', 'technolog']",netflix
66521,"['still', 'truli', 'great', 'folk', 'work', 'learn', 'lot', 'sheer', 'divers', 'product', 'within', 'compani', 'hard', 'match', 'find', 'exactli', 'right', 'product', 'youd', 'like', 'work', 'mani', 'team', 'realli', 'good', 'work', 'life', 'balanc', 'youll', 'opportun', 'mani', 'team', 'see', 'worldscal', 'softwar', 'develop', 'maintain']",microsoft
35931,"['stun', 'colleagu', 'polit', 'constant', 'challeng', 'perform', 'startup', 'like', 'experi', 'zero', 'toler', 'toward', 'untranspar', 'top', 'market', 'pay']",netflix
35829,"['wide', 'connect', 'differ', 'peopl', 'countri']",facebook
35000,"['great', 'pay', 'great', 'benefit', 'interest', 'work', 'get', 'work', 'best', 'engin', 'world', 'busi', 'incred', 'well']",facebook
2394,"['ton', 'perk', 'dog', 'friendli']",google
59132,"['lot', 'differ', 'product', 'area', 'work', 'work', 'industri', 'lead', 'product', 'well', 'underdog', 'product']",microsoft
1898,"['lot', 'free', 'coffe', 'great', 'work', 'environ', 'wonder', 'place', 'learn', 'make', 'new', 'connect']",google
49866,"['flexibl', 'work', 'hour', 'work', 'home', 'treat', 'staff', 'realli', 'well', 'lot', 'great', 'perk']",microsoft
35355,"['excel', 'benefit', 'fun', 'environ', 'fun', 'outing', 'event']",facebook
34394,"['awesom', 'peopl', 'great', 'cultur', 'excit', 'fastmov', 'environ']",facebook
34545,"['great', 'perk', 'benefit', 'challeng', 'posit', 'vibe']",facebook
1588,"['everyon', 'friendli', 'great']",google
36463,"['unlimit', 'time', 'compani', 'upfront', 'honest', 'stand', 'overal', 'perform', 'decent', 'pay', 'lot', 'micromanag']",netflix
7574,"['lot', 'resourc', 'great', 'peopl', 'learn']",google
35825,"['great', 'cultur', 'manag', 'genuin', 'care', 'staff', 'happi', 'career', 'path', 'growth', 'person', 'develop', 'compani', 'scale', 'get', 'sens', 'everyon', 'want', 'retain', 'hack', 'cultur', 'abil', 'move', 'fast', 'avoid', 'bureaucrat', 'system', 'offer', 'opportun', 'everyon', 'avoid', 'handpick', 'keep', 'compani', 'polit', 'minimum', 'work', 'environ', 'collabor', 'open', 'focus', 'impact', 'peopl', 'smartest', 'peopl', 'ever', 'chanc', 'deal', 'hardwork', 'fun', 'collabor', 'creativ', 'driven', 'made', 'mold', 'divers', 'import', 'dublin', 'love', 'multicultur', 'environ', 'respect', 'everyon', 'cultur', 'creat', 'great', 'vibe', 'around', 'offic', 'perk', 'alright', 'initi', 'salari', 'highest', 'compar', 'compani', 'work', 'howev', 'monthli', 'bonus', 'perform', 'base', 'stock', 'salari', 'adjust', 'everi', 'year', 'free', 'healthi', 'delici', 'food', 'day', 'realli', 'add', 'higher', 'base', 'salari', 'previou', 'job', 'go', 'work', 'everi', 'day', 'without', 'fear', 'day', 'bring', 'lower', 'stresslevel', 'priceless', 'also', 'put', 'irish', 'dublin', 'context', 'grim', 'unemploy', 'figur', 'solid', 'job', 'career', 'prospect', 'put', 'asid', 'peopl', 'cool', 'offic', 'mani', 'perk', 'realli', 'love', 'support', 'hundr', 'million', 'user', 'across', 'emea', 'latin', 'america', 'work', 'scale', 'inspir', 'feel', 'immens', 'proud', 'achiev', 'everi', 'day']",facebook
65638,"['young', 'flexibl', 'compani', 'sure', 'good', 'gym', 'play', 'around', 'grow', 'career']",microsoft
3118,"['build', 'interest', 'softwar', 'infrastructur', 'compani', 'valu', 'engin', 'work', 'realli', 'bright', 'cowork', 'build', 'atop', 'awesom', 'codebas']",google
34489,"['smart', 'peopl', 'excit', 'work', 'fun', 'work', 'environ', 'amaz', 'employe', 'benefit']",facebook
53328,"['good', 'project', 'team', 'cultur']",microsoft
34966,"['amaz', 'growth', 'potenti', 'place', 'could', 'move', 'quickli', 'fast', 'everyon', 'focus', 'impact', 'time', 'worth', 'dont', 'learn', 'best', 'world', 'unbeat', 'pay', 'benefit', 'work', 'environ', 'cultur']",facebook
36527,"['household', 'name', 'love', 'custom', 'profession', 'standpoint', 'compani', 'encourag', 'high', 'perform', 'autonomi', 'effect', 'everi', 'employe', 'put', 'compani', 'encourag', 'voic', 'opinion', 'ceo', 'reed', 'hast', 'happen', 'one', 'brilliant', 'innov', 'leader', 'industri', 'alway', 'open', 'door', 'polici', 'employe']",netflix
36582,"['great', 'opportun', 'work', 'open', 'sourc', 'softwar']",netflix
34785,"['move', 'fast', 'work', 'smart', 'peopl', 'less', 'polit', 'open', 'cultur', 'high', 'bar', 'candid', 'even', 'compani', 'grown']",facebook
58694,"['great', 'compani', 'great', 'peopl', 'technolog', 'work', 'awesom', 'benefit', 'work', 'life', 'balanc']",microsoft
35144,"['technic', 'bar', 'across', 'compani', 'realli', 'high', 'make', 'great', 'place', 'build', 'great', 'thing', 'learn', 'peer', 'ton', 'benefit', 'make', 'life', 'comfort', 'laundri', 'commut', 'shuttl', 'restaur', 'gym', 'noth', 'beat', 'surround', 'great', 'peopl']",facebook
34428,"['fantast', 'environ', 'awesom', 'peopl', 'great', 'food', 'extrem', 'support', 'unbeliev', 'tech']",facebook
4714,"['great', 'benefit', 'work', 'compani', 'everyon', 'respect', 'say', 'wow', 'get', 'help', 'build', 'product', 'realli', 'chang', 'world', 'hour', 'reason', 'treat', 'human', 'respect', 'engin', 'onsit', 'breakfast', 'lunch', 'dinner', 'unmatch', 'anywher', 'luckili', 'make', 'billion', 'use', 'small', 'fraction', 'total', 'workforc', 'leav', 'lot', 'capit', 'avail', 'dedic', 'resourc', 'project', 'arent', 'pure', 'motiv', 'shortterm', 'profit', 'rather', 'help', 'build', 'press', 'organ', 'theoret', 'interest', 'innov', 'time', 'techtalk', 'whole', 'rang', 'topic', 'strictli', 'requir', 'carri', 'job', 'respons', 'gener', 'educ', 'huge', 'plu', 'employ', 'innov', 'thinker', 'builder', 'time']",google
2117,"['drive', 'want', 'grow', 'seek', 'opportun', 'prove', 'worth', 'keep', 'motiv', 'ton', 'interest', 'project', 'dearth', 'challeng', 'project', 'keep', 'interest', 'year', 'mobil', 'within', 'compani', 'easi', 'long', 'good', 'perform', 'get', 'work', 'smart', 'peopl', 'make', 'perform', 'notch', 'manag', 'intent', 'less', 'involv', 'engin', 'life', 'avoid', 'micromanag', 'bia', 'singl', 'point', 'failur', 'goe', 'point', 'free', 'defin', 'done', 'domain', 'cours', 'sell', 'lot', 'basic', 'infra', 'exist', 'except', 'dont', 'spend', 'much', 'time', 'mean', 'end', 'pay', 'perform', 'good', 'perform', 'taken', 'care', 'needless', 'say', 'perk', 'amaz', 'learn', 'lot', 'thing', 'learn', 'best', 'imho', 'dont', 'see', 'lot', 'engin', 'want', 'learn', 'graduat', 'even', 'undergrad', 'want', 'person', 'build', 'next', 'biggest', 'thing', 'great', 'truli', 'skill']",google
4850,"['peopl', 'cultur', 'fun']",google
1997,"['begin', 'career']",google
1517,"['campu', 'nice', 'great', 'food', 'gym', 'recreat', 'facil']",google
36567,"['good', 'compani', 'cultur', 'nice', 'peopl']",netflix
59484,"['stabil', 'work', 'life', 'balanc', 'good', 'salari', 'abil', 'move', 'job', 'within', 'compani', 'easili', 'tri', 'differ', 'thing']",microsoft
35938,"['great', 'environ', 'decent', 'pay', 'great', 'opportun', 'overtim']",netflix
36575,"['stun', 'colleagu', 'freedom', 'respons', 'competit', 'compens', 'travel', 'lot', 'consid', 'pro', 'entrepreneurship', 'inde', 'appreci']",netflix
7118,"['trust', 'love', 'treat', 'peopl', 'well', 'provid', 'much', 'benefit']",google
5497,"['job', 'allow', 'progress', 'anyon', 'els']",google
34922,"['opportun', 'work', 'interest', 'challeng', 'problem', 'intellectu', 'stimul', 'environ', 'great', 'perk', 'shuttl', 'ride', 'make', 'life', 'effici', 'compani', 'good', 'spot', 'larg', 'market', 'ceo', 'great', 'vision']",facebook
58079,"['access', 'hundr', 'thousand', 'technic', 'expert', 'everi', 'area', 'technolog', 'passion', 'learn', 'place', 'start', 'career']",microsoft
3695,"['benefit', 'match', 'soar', 'stock', 'price', 'strong', 'ad', 'busi']",google
34950,"['move', 'fast', 'awesom', 'cultur', 'smart', 'peopl', 'rooftop', 'garden', 'manag', 'train', 'sweet', 'stop', 'music', 'around', 'campu', 'cafe']",facebook
7389,"['bureaucraci', 'smart', 'teammat', 'best', 'class', 'hardwar', 'challeng', 'work', 'excel', 'benefit', 'review', 'interview', 'process', 'allow', 'narr', 'evalu', 'instead', 'opinion', 'boss']",google
62746,"['work', 'environ', 'benefit', 'packag', 'stock', 'inspir', 'colleagu']",microsoft
36234,"['pay', 'seemingli', 'lax', 'supervisor', 'food', 'kart']",netflix
36545,"['best', 'thing', 'abil', 'everi', 'singl', 'person', 'signific', 'impact', 'busi', 'employe', 'given', 'huge', 'piec', 'busi', 'allow', 'make', 'right', 'call', 'judgement', 'ton', 'flexibl', 'lack', 'polici', 'procedur', 'make', 'person', 'use', 'brain', 'make', 'decis', 'hire', 'adult', 'treat', 'way', 'uniqu', 'challeng', 'work', 'place', 'acknowledg', 'hard', 'work', 'expect', 'high', 'perform']",netflix
53982,"['benefit', 'excel', 'peopl', 'nice']",microsoft
5348,"['benefit', 'extrem', 'good', 'best']",google
35829,"['wide', 'connect', 'differ', 'peopl', 'countri']",facebook
62161,"['good', 'environ']",microsoft
35042,"['mission', 'mean', 'smart', 'peopl', 'learn', 'big', 'challeng', 'tackl', 'everi', 'day']",facebook
35531,"['cool', 'offic', 'great', 'benefit', 'casual', 'environ', 'ps', 'cafe', 'awesom']",facebook
35204,"['brilliant', 'colleagu', 'fantast', 'startupish', 'cultur', 'desir', 'thing', 'right', 'way', 'interest', 'wide', 'vari', 'technolog', 'challeng', 'solv', 'great', 'perk', 'make', 'life', 'comfort']",facebook
4874,"['nice', 'feel', 'like', 'part', 'someth', 'greater', 'oneself', 'whole', 'lot', 'go', 'given', 'time', 'strongli', 'intellectu', 'curiou', 'atmospher', 'among', 'employe', 'perk', 'fantast', 'easi', 'compel', 'way', 'argu', 'free', 'hot', 'meal', 'three', 'time', 'day', 'there', 'alway', 'someth', 'excit', 'interest', 'intellectu', 'challeng', 'work', 'color', 'rel', 'play', 'atmospher', 'also', 'excel', 'chang', 'pace', 'standardissu', 'dreari', 'cubicl', 'exist', 'plagu', 'offic', 'job', 'us']",google
6084,"['learn', 'keep', 'busi', 'relev', 'nimbl', 'process', 'effici', 'driven', 'good', 'skill', 'learn', 'best', 'someon', 'year', 'experi', 'alreadi', 'dont', 'make', 'first', 'last', 'job']",google
454,"['cant', 'get', 'enough', 'code', 'done']",google
6292,"['great', 'technolog', 'great', 'peopl', 'realli', 'motiv', 'fun', 'work', 'like', 'technolog']",google
3769,"['cant', 'beat', 'googl', 'cultur', 'perk', 'care', 'smart', 'peopl', 'everywher', 'work', 'challeng', 'depend', 'role']",google
35450,"['opportun', 'write', 'softwar', 'get', 'use', 'hundr', 'million', 'peopl', 'opportun', 'see', 'success', 'compani', 'run', 'opportun', 'launch', 'often', 'potenti', 'ipo']",facebook
36144,"['nice', 'build', 'beverli', 'hill']",netflix
4150,"['environ', 'encourag', 'everyon', 'stretch', 'well', 'align', 'goal']",google
34753,"['awesom', 'colleagu', 'talent', 'driven', 'open', 'cultur', 'lot', 'structur', 'unstructur', 'learn', 'take', 'place', 'manag', 'usual', 'pretti', 'good', 'peopl', 'meaning', 'compani', 'mission', 'impact', 'individu', 'work', 'perk', 'fantast']",facebook
49885,"['sharepric', 'pension', 'plan', 'friedli', 'environ']",microsoft
35611,"['great', 'salari', 'good', 'perk']",facebook
35196,"['open', 'cultur', 'everyth', 'transpar', 'everyon', 'move', 'fast', 'like', 'startup', 'rather', 'big', 'compani', 'engin', 'nice']",facebook
470,"['smart', 'peopl', 'flexibl', 'hour', 'independen']",google
36159,"['good', 'cultur', 'nice', 'pay', 'talent', 'colleagu']",netflix
35284,"['cultur', 'top', 'list', 'reason', 'work', 'mani', 'compani', 'say', 'take', 'cultur', 'serious', 'live', 'mantra', 'propaganda', 'around', 'offic', 'realli', 'help', 'stay', 'focus', 'keep', 'ship', 'clear', 'away', 'barrier', 'resolv', 'debat', 'impact', 'first', 'day', 'job', 'submit', 'diff', 'hundr', 'million', 'peopl', 'see', 'everi', 'day', 'imagin', 'connect', 'world', 'keep', 'come', 'everi', 'day', 'know', 'im', 'build', 'futur', 'career', 'opportun', 'arbitrari', 'ladder', 'game', 'mechan', 'career', 'grow', 'hack', 'larger', 'thing', 'encourag', 'work', 'across', 'jump', 'team', 'technolog', 'gain', 'varieti', 'skill', 'keep', 'agil', 'flexibl', 'built', 'lot', 'open', 'sourc', 'technolog', 'skill', 'gain', 'easili', 'transfer', 'everywher']",facebook
3500,"['smart', 'cowork', 'great', 'overal', 'mission', 'fantast', 'perk', 'support', 'environ', 'abil', 'achiev', 'work', 'life', 'balanc']",google
2843,"['advanc', 'technolog', 'scienc', 'daili', 'babsi']",google
2208,"['get', 'work', 'brightest', 'mind', 'world', 'chang', 'way', 'world', 'access', 'inform', 'job', 'everi', 'engin', 'dream']",google
5822,"['great', 'perk', 'great', 'peopl', 'peopl', 'smart', 'help', 'learn', 'lot', 'job']",google
52401,"['excit', 'challeng', 'environ', 'work', 'excel', 'exposur', 'tool', 'technolog']",microsoft
35371,"['unlimit', 'opportun', 'defin', 'pathsurround', 'best', 'brightest', 'move', 'fast', 'amaz', 'perk']",facebook
1834,"['nice', 'food', 'nice', 'peopl']",google
35750,"['impact', 'person', 'possibl', 'organ', 'planet', 'also', 'brilliant', 'friendli', 'cowork', 'ridicul', 'perk', 'emphasi', 'career', 'develop', 'learn']",facebook
36632,"['realli', 'high', 'comp', 'lot', 'independ', 'work', 'lot', 'trust', 'term', 'expens', 'report', 'spend', 'compani', 'money']",netflix
35805,"['talent', 'peopl', 'unconvent', 'work', 'style', 'peopl', 'creativ', 'profession', 'furthermor', 'keep', 'stress', 'focu', 'work', 'highest', 'effici', 'everyon', 'friendli', 'importantli', 'divers', 'key', 'explor', 'power']",facebook
5505,"['awesom', 'challeng', 'nice', 'workplac', 'great', 'perk']",google
34540,"['open', 'cultur', 'innov', 'smart', 'peopl', 'great', 'benefit', 'perk']",facebook
36486,"['lack', 'polit', 'hard', 'problem', 'tackl', 'extrem', 'bright', 'colleagu', 'lack', 'bureaucraci', 'context', 'control', 'style', 'manag', 'track', 'hour', 'time', 'flexibl', 'work', 'option', 'extrem', 'success', 'compani', 'fun', 'busi', 'win']",netflix
4360,"['outstand', 'technic', 'environ', 'lot', 'talent', 'super', 'smart', 'contributor', 'perk', 'realli', 'nice', 'food', 'guest', 'talk', 'time', 'engin', 'invent', 'realli', 'care', 'compani', 'tri', 'real', 'hard', 'good', 'societi', 'promot', 'progress', 'agenda']",google
51576,"['mani', 'team', 'team', 'like', 'differ', 'compani', 'also', 'provid', 'great', 'train', 'technic', 'skill', 'effect', 'commun', 'also', 'provid', 'great', 'benefit']",microsoft
35225,"['fast', 'pace', 'learn', 'freedom', 'work', 'interest', 'make', 'big', 'impact', 'everyth', 'base', 'merit', 'perform', 'polit', 'open', 'cultur', 'perk', 'awesom']",facebook
36557,"['accomplish', 'great', 'thing', 'togeth', 'valu', 'worth']",netflix
6934,"['got', 'best', 'stuff']",google
4265,"['salari', 'benefit', 'van', 'technolog']",google
3147,"['like', 'challeng', 'project', 'work', 'never', 'shortag', 'work', 'colleagu', 'intellig', 'famou', 'perk', 'true', 'time', 'take', 'advantag', 'work', 'life', 'balanc']",google
34691,"['lot', 'flexibl', 'freedom', 'focu', 'impact', 'access', 'greatest', 'mind', 'field', 'lot', 'perk', 'benefit', 'almost', 'hard', 'take', 'advantag', 'sinc', 'mani', 'like', 'great', 'work']",facebook
34960,"['open', 'cultur', 'super', 'fastmov', 'incred', 'resourc', 'dispos', 'includ', 'manageri', 'support', 'autonomi', 'experi', 'rare', 'truli', 'realli', 'great', 'benefit']",facebook
34971,"['perk', 'mindblow', 'awesom', 'food', 'thought', 'benefit', 'like', 'laundri', 'servic', 'onsit', 'acupunctur', 'clinic']",facebook
35534,['good'],facebook
6010,"['food', 'gym', 'flexibl', 'work', 'time', 'everyth']",google
5677,"['well', 'pay', 'work', 'environ', 'good', 'well']",google
36067,"['great', 'place', 'work', 'your', 'genuin', 'interest', 'success', 'cowork', 'abl', 'clearli', 'see', 'connect', 'success', 'busi', 'freedom', 'respons', 'definit', 'practic', 'one', 'hand', 'project', 'deadlin', 'specif', 'way', 'go', 'work', 'trust', 'theyv', 'hire', 'best', 'peopl', 'job', 'leav', 'individu', 'identifi', 'problem', 'figur', 'solv', 'sort', 'environ', 'everyon', 'build', 'strong', 'enough', 'relationship', 'cowork', 'theyd', 'go', 'bat', 'project', 'teambuild', 'isnt', 'companymand', 'activ', 'everyday', 'practic', 'integr', 'part', 'job', 'feedback', 'candid', 'immedi', 'get', 'readi', 'there', 'sugarco', 'success', 'open', 'critic', 'matter', 'direct', 'might', 'work', 'everyon', 'make', 'next', 'cours', 'action', 'clear', 'oppos', 'sugarco', 'feedback', 'leav', 'confus']",netflix
36309,"['excel', 'salari', 'fring', 'benefit', 'work', 'lot', 'smart', 'peopl', 'noth', 'ever', 'seriou', 'like', 'keep', 'light', 'emphas', 'develop', 'peopl']",netflix
2757,"['free', 'food', 'amaz', 'perk', 'overal', 'good', 'pay', 'benefit', 'amaz', 'challeng']",google
56155,"['great', 'salari', 'smart', 'peopl', 'work']",microsoft
35965,"['everyon', 'equival', 'valedictorian', 'colleagu', 'smart', 'ambiti', 'curiou', 'like', 'collabor', 'everyon', 'bring', 'game', 'great', 'work', 'peopl', 'know', 'theyr']",netflix
35876,"['great', 'place', 'work', 'lot', 'opportun', 'grow']",netflix
35952,"['nice', 'pay', 'rate', 'easi']",netflix
36242,"['hour', 'day', 'avail', 'set', 'schedul', 'paid', 'well', 'temp', 'agenc', 'given', 'good', 'rais', 'hire', 'also', 'lot', 'window', 'cheeri', 'look', 'appear']",netflix
36055,"['relax', 'easi', 'job', 'manag', 'co', 'worker', 'awesom']",netflix
61109,"['larg', 'intern', 'recogn', 'corpor', 'possess', 'market', 'leadership', 'posit', 'across', 'softwar', 'industri', 'gener', 'across', 'comput', 'relat', 'technolog']",microsoft
3439,"['flexibl', 'work', 'schedul', 'opinion', 'matter', 'usual', 'great', 'benefit', 'excel', 'compens']",google
5739,"['awesom', 'place', 'work', 'within']",google
59518,"['depend', 'team', 'work', 'awesom', 'product', 'also', 'depend', 'team', 'peopl', 'passion', 'smart', 'driven', 'peopl', 'part']",microsoft
59630,"['decent', 'salari', 'amaz', 'benefit', 'perk', 'bright', 'hardwork', 'peopl', 'mani', 'opportun', 'deliv', 'product', 'use', 'mani', 'million', 'peopl', 'team', 'custom', 'qualityfocus']",microsoft
53719,"['great', 'peopl', 'good', 'benefit']",microsoft
7615,"['best', 'place', 'softwar', 'engin', 'superb', 'infrastructur', 'rel', 'fast', 'develop', 'cycl', 'great', 'perk', 'good', 'food', 'flexibl', 'work', 'hour']",google
35271,"['peopl', 'work', 'amaz', 'much', 'impact', 'singl', 'engin', 'make']",facebook
3644,"['great', 'salari', 'benefit', 'resourc', 'amount', 'intellig', 'peopl', 'work', 'compani', 'bit', 'overwhelm', 'forc', 'best']",google
62275,"['wide', 'cloud', 'offer', 'chanc', 'learn', 'fast', 'evolv', 'environ', 'lead', 'modern', 'workplac', 'transform', 'smart', 'work', 'innov']",microsoft
36204,"['great', 'pay', 'benefit', 'perk', 'cater', 'food']",netflix
34732,"['work', 'product', 'use', 'billion', 'run', 'ceo', 'execut', 'team', 'rockstar', 'mission', 'driven', 'flexibl', 'cut', 'edg', 'product', 'use', 'peopl', 'develop', 'publish', 'advertis', 'etc', 'awesom', 'perk']",facebook
2695,"['cultur', 'notic', 'focu', 'nice', 'one', 'anoth', 'get', 'work', 'excit', 'thing']",google
3868,"['doubt', 'one', 'amaz', 'compani', 'world', 'cowork', 'tend', 'incred', 'nice', 'hard', 'work', 'interest', 'peopl', 'larri', 'vision', 'pretti', 'amaz', 'he', 'help', 'creat', 'great', 'environ', 'work', 'visit', 'mani', 'tech', 'compani', 'realli', 'believ', 'googl', 'perk', 'second', 'none', 'especi', 'consid', 'mani', 'offic']",google
66620,"['challeng', 'interest', 'technic', 'problem', 'across', 'wide', 'varieti', 'product']",microsoft
5379,"['great', 'compani', 'cultur', 'mani', 'opportun', 'evolv', 'within', 'compani']",google
6110,"['find', 'super', 'smart', 'nice', 'peopl', 'work', 'compani', 'provid', 'great', 'benefit', 'employe']",google
35129,"['amaz', 'compani', 'cultur', 'ultra', 'align', 'vision', 'fantast', 'talent', 'motiv', 'colleagu', 'entrepreneuri', 'hacker', 'cultur', 'strong', 'cours', 'perk', 'nice', 'remov', 'distract', 'allow', 'focu', 'matter', 'attract', 'sole', 'perk', 'look', 'elsewher', 'dont', 'belong']",facebook
34306,"['thorough', 'interview', 'good', 'blend', 'past', 'experi', 'sourc', 'knowledg', 'convers', 'profession', 'abl', 'get', 'strong', 'understand', 'team', 'dynam', 'measur', 'success']",facebook
34509,"['strong', 'leadership', 'lot', 'autonomi', 'intellig', 'care', 'colleagu']",facebook
35264,"['fast', 'move', 'compani', 'good', 'compens', 'one', 'recogniz', 'compani', 'world']",facebook
35271,"['peopl', 'work', 'amaz', 'much', 'impact', 'singl', 'engin', 'make']",facebook
35825,"['great', 'cultur', 'manag', 'genuin', 'care', 'staff', 'happi', 'career', 'path', 'growth', 'person', 'develop', 'compani', 'scale', 'get', 'sens', 'everyon', 'want', 'retain', 'hack', 'cultur', 'abil', 'move', 'fast', 'avoid', 'bureaucrat', 'system', 'offer', 'opportun', 'everyon', 'avoid', 'handpick', 'keep', 'compani', 'polit', 'minimum', 'work', 'environ', 'collabor', 'open', 'focus', 'impact', 'peopl', 'smartest', 'peopl', 'ever', 'chanc', 'deal', 'hardwork', 'fun', 'collabor', 'creativ', 'driven', 'made', 'mold', 'divers', 'import', 'dublin', 'love', 'multicultur', 'environ', 'respect', 'everyon', 'cultur', 'creat', 'great', 'vibe', 'around', 'offic', 'perk', 'alright', 'initi', 'salari', 'highest', 'compar', 'compani', 'work', 'howev', 'monthli', 'bonus', 'perform', 'base', 'stock', 'salari', 'adjust', 'everi', 'year', 'free', 'healthi', 'delici', 'food', 'day', 'realli', 'add', 'higher', 'base', 'salari', 'previou', 'job', 'go', 'work', 'everi', 'day', 'without', 'fear', 'day', 'bring', 'lower', 'stresslevel', 'priceless', 'also', 'put', 'irish', 'dublin', 'context', 'grim', 'unemploy', 'figur', 'solid', 'job', 'career', 'prospect', 'put', 'asid', 'peopl', 'cool', 'offic', 'mani', 'perk', 'realli', 'love', 'support', 'hundr', 'million', 'user', 'across', 'emea', 'latin', 'america', 'work', 'scale', 'inspir', 'feel', 'immens', 'proud', 'achiev', 'everi', 'day']",facebook
764,"['great', 'place', 'work', 'young', 'singl', 'male', 'softwar', 'engin']",google
66378,"['quit', 'import', 'role', 'great', 'polici', 'good', 'salari']",microsoft
35659,"['cultur', 'posit', 'amaz', 'believ', 'live', 'consist', 'throughout', 'offic', 'around', 'worlda', 'rariti', 'benefit', 'worldclass', 'mission', 'driveneveryon', 'believ', 'zuck', 'fantast']",facebook
2868,"['great', 'benefit', 'perk']",google
6742,"['fast', 'pace', 'workplac', 'lot', 'often', 'time', 'excit', 'lot', 'ever', 'chang', 'challeng']",google
34483,"['rate', 'compani', 'expand', 'ampl', 'opportun', 'person', 'growth', 'well']",facebook
51551,"['friendli', 'smart', 'peopl', 'support', 'backstab', 'rare', 'manag', 'pay', 'attent', 'employe', 'complaint', 'open', 'discuss', 'pay', 'good', 'rel', 'stress', 'expect']",microsoft
34950,"['move', 'fast', 'awesom', 'cultur', 'smart', 'peopl', 'rooftop', 'garden', 'manag', 'train', 'sweet', 'stop', 'music', 'around', 'campu', 'cafe']",facebook
34265,"['amaz', 'benefit', 'compani', 'back', 'anyth', 'happen', 'person', 'dont', 'think', 'truli', 'work', 'fb', 'almost', 'work', 'compani', 'work', 'hard', 'toward', 'work', 'life', 'balanc', 'senior', 'leadership', 'hurdl', 'seem', 'right', 'thing']",facebook
35636,"['get', 'work', 'mostli', 'nice', 'smart', 'peopl', 'want', 'see', 'succeed', 'lot', 'autonomi', 'flexibl', 'great', 'perk', 'offic', 'facil', 'excit', 'work', 'compani', 'wide', 'reach', 'impact', 'lot', 'open', 'commun', 'senior', 'manag', 'strong', 'sens', 'optim', 'futur', 'compani']",facebook
34922,"['opportun', 'work', 'interest', 'challeng', 'problem', 'intellectu', 'stimul', 'environ', 'great', 'perk', 'shuttl', 'ride', 'make', 'life', 'effici', 'compani', 'good', 'spot', 'larg', 'market', 'ceo', 'great', 'vision']",facebook
2571,"['great', 'team', 'great', 'product', 'great', 'environ', 'highli', 'recommend']",google
5798,"['cultr', 'salari', 'peopl', 'food', 'offci']",google
34986,"['free', 'food', 'smart', 'peopl', 'potenti', 'work', 'impact', 'product']",facebook
34537,"['place', 'like', 'move', 'fast', 'break', 'thing', 'everi', 'day', 'feel', 'like', 'week', 'would', 'werent', 'afraid', 'thing', 'written', 'wall', 'satisfi', 'job', 'ive', 'ever']",facebook
6075,"['great', 'place', 'work', 'cultur', 'peopl']",google
49707,"['peopl', 'fun', 'work']",microsoft
34629,"['tremend', 'autonomi', 'still', 'much', 'cultur', 'expect', 'find', 'impact', 'deliv', 'fast', 'pace', 'cultur', 'peopl', 'tri', 'stop', 'get', 'thing', 'done', 'everyon', 'valu', 'benefit', 'iter', 'easi', 'intern', 'mobil', 'interview', 'bs', 'everyth', 'decid', 'day', 'great', 'perk', 'comp', 'food', 'offic', 'space', 'healthcar', 'name', 'excit', 'work', 'build', 'everyth', 'social', 'media', 'vr', 'react', 'airplan']",facebook
698,"['wonder', 'free', 'food', 'nice', 'gym', 'rock', 'climb', 'wall']",google
35659,"['cultur', 'posit', 'amaz', 'believ', 'live', 'consist', 'throughout', 'offic', 'around', 'worlda', 'rariti', 'benefit', 'worldclass', 'mission', 'driveneveryon', 'believ', 'zuck', 'fantast']",facebook
36422,"['decent', 'start', 'wage', 'assum', 'make', 'train', 'inexpens', 'benefit', 'decent', 'health', 'care', 'coverag', 'part', 'employe', 'csr', 'realli', 'cool', 'work', 'shelter', 'smoke', 'area', 'free', 'lunch', 'mac', 'chees', 'oatmeal', 'ramen', 'unlimit', 'coffe', 'caution', 'dont', 'take', 'bathroom', 'break', 'may', 'get', 'fire', 'schedul', 'choic', 'offer', 'train', 'choos', 'wise', 'fairli', 'decent', 'train', 'support', 'first', 'two', 'week', 'employ', 'made']",netflix
54869,"['awesom', 'speak', 'mind', 'cultur', 'grow', 'hack', 'cultur', 'follow', 'dream', 'want', 'chang', 'world', 'cool', 'new', 'product', 'work', 'ship', 'million', 'use', 'great', 'bunch', 'peopl', 'work', 'highli', 'ethic', 'compani', 'great', 'benefit']",microsoft
687,"['work', 'genuin', 'smart', 'creativ', 'peopl', 'beauti', 'offic', 'delici', 'food', 'great', 'benefit', 'healthcar', 'lot', 'learn', 'avail', 'talk', 'program', 'class', 'great', 'deal', 'transpar', 'across', 'organ', 'room', 'take', 'risk', 'propos', 'initi', 'recept', 'audienc', 'candid', 'honest', 'commun', 'clevel', 'leadership', 'includ', 'acknowledg', 'mistak']",google
1979,"['there', 'reason', 'consist', 'rate', 'top', 'place', 'work', 'compani', 'amaz', 'thing', 'constantli', 'innov', 'great', 'cowork', 'good', 'pay', 'basebonusstock', 'perk', 'challeng', 'work', 'good', 'intern', 'mobil']",google
35872,"['locat', 'great', 'locat']",netflix
963,"['go', 'cool', 'place']",google
259,"['amaz', 'perk', 'food', 'massag', 'name']",google
4857,"['food', 'gener', 'great', 'number', 'cafeteria', 'option', 'ridicul', 'there', 'alway', 'someth', 'interest', 'go', 'onit', 'treat', 'see', 'invit', 'author', 'politician', 'drop', 'give', 'talk', 'engin', 'rel', 'easi', 'switch', 'project', 'least', 'manag', 'side', 'mani', 'smart', 'peopl', 'learn', 'lot', 'gener', 'engin', 'quit', 'nice', 'easi', 'work', 'meet', 'occasion', 'bad', 'though', 'quit', 'gratifi', 'learn', 'innerwork', 'product', 'use', 'world']",google
67453,"['product', 'work', 'impact', 'world', 'good', 'benefit', 'compens', 'abil', 'move', 'within', 'differ', 'team', 'work', 'mani', 'differ', 'technolog', 'area']",microsoft
65444,"['flexibl', 'peer', 'support', 'process', 'orient']",microsoft
35387,"['freedom', 'start', 'cultur', 'opportun', 'take', 'risk']",facebook
3292,"['free', 'food', 'free', 'bu', 'ride', 'chocol', 'factori', 'everyth', 'youv', 'heard']",google
34598,"['lot', 'free', 'snack', 'food', 'great', 'cultur', 'gener', 'salari']",facebook
7773,"['esprit', 'cool', 'jeun', 'et', 'dynamiqu']",google
35544,"['fast', 'pace', 'high', 'growth', 'rate', 'good', 'perk', 'salari']",facebook
51504,"['good', 'stabl', 'awesom', 'colleagu']",microsoft
35544,"['fast', 'pace', 'high', 'growth', 'rate', 'good', 'perk', 'salari']",facebook
35936,"['cultur', 'truli', 'real', 'mean', 'posit', 'way', 'everi', 'person', 'will', 'put', 'help', 'one', 'ego', 'type', 'polit', 'agenda', 'incred', 'collabor', 'work', 'environ', 'think', 'lot', 'misconcept', 'cut', 'throat', 'get', 'fire', 'easili', 'exactli', 'misconcept', 'level', 'empathi', 'support', 'amaz', 'never', 'got', 'anywher', 'els', 'work']",netflix
36513,"['cultur', 'promot', 'freedom', 'respons', 'coupl', 'extrem', 'talent', 'peopl', 'result', 'environ', 'proud', 'work', 'celebr', 'success', 'dont', 'dwell', 'failur', 'rather', 'act', 'overcom', 'continu', 'find', 'new', 'innov', 'solut', 'provid', 'custom', 'best', 'view', 'experi', 'possibl']",netflix
34592,"['great', 'cultur', 'strong', 'divers', 'employe', 'level', 'great', 'perk', 'facil']",facebook
35611,"['great', 'salari', 'good', 'perk']",facebook
2358,"['great', 'place', 'work', 'fulltim', 'intern']",google
56196,"['establish', 'compani', 'good', 'benefit']",microsoft
2692,"['amaz', 'team', 'mate', 'great', 'perk', 'fair', 'process']",google
60288,"['benefit', 'good']",microsoft
3317,"['good', 'work', 'life', 'balanc', 'good', 'benefit', 'good', 'job', 'secur']",google
35225,"['fast', 'pace', 'learn', 'freedom', 'work', 'interest', 'make', 'big', 'impact', 'everyth', 'base', 'merit', 'perform', 'polit', 'open', 'cultur', 'perk', 'awesom']",facebook
36600,"['good', 'pay', 'summer', 'colleg', 'job', 'perform', 'well', 'quickli', 'get', 'mani', 'hour', 'want']",netflix
35510,"['great', 'employ', 'appreci', 'especi', 'compar', 'peer', 'compani', 'get', 'paid', 'competit', 'perk', 'amaz', 'job', 'rather', 'interest', 'well', 'love', 'care', 'chill', 'atmospher', 'offic', 'come', 'consult', 'overtim', 'extrem', 'pressur', 'realli', 'big', 'differ', 'peopl', 'offic', 'quit', 'smart', 'realli', 'fun', 'work', 'also', 'love', 'intern', 'dublin', 'offic', 'join', 'didnt', 'see', 'someth', 'import', 'understand', 'everyon', 'fb', 'keep', 'mention']",facebook
34522,"['outstand', 'benefit', 'good', 'peopl', 'overal']",facebook
36051,"['strong', 'leadership', 'team', 'realli', 'work', 'put', 'right', 'peopl', 'right', 'posit', 'realli', 'peopl', 'focus', 'creat', 'awesom', 'cultur', 'agent', 'peopl', 'work']",netflix
5971,"['creativ', 'driven', 'peopl']",google
3881,"['smart', 'peopl', 'colleagu', 'friend', 'great', 'perk', 'food', 'everywher', 'competit', 'pay', 'lot', 'learn', 'opportun', 'cool', 'part', 'generationchang', 'compani']",google
34909,"['engin', 'almost', 'unparallel', 'exampl', 'continu', 'deliveri', 'system', 'automat', 'build', 'test', 'releas', 'softwar', 'manag', 'give', 'detail', 'construct', 'honest', 'feedback', 'better', 'engin', 'lot', 'opportun', 'impact', 'product', 'hackathon']",facebook
34301,"['compens', 'littl', 'bit', 'better', 'compar', 'similar', 'compani', 'priceperform', 'ratio', 'quit', 'low', 'everyth', 'look', 'good']",facebook
35094,"['develop', 'gener', 'technic']",facebook
36085,"['free', 'certain', 'amount', 'time', 'give', 'extra', 'compens', 'healthcar', 'abl', 'swap', 'work', 'day', 'work', 'cowork']",netflix
1064,"['great', 'place', 'work', 'great', 'peopl']",google
6846,"['cultur', 'amaz', 'push', 'grow']",google
59674,"['good', 'chang', 'healthi', 'work', 'life', 'balanc', 'good', 'product', 'team', 'matur', 'good', 'develop', 'process', 'plan', 'allow', 'expect', 'come']",microsoft
34537,"['place', 'like', 'move', 'fast', 'break', 'thing', 'everi', 'day', 'feel', 'like', 'week', 'would', 'werent', 'afraid', 'thing', 'written', 'wall', 'satisfi', 'job', 'ive', 'ever']",facebook
34616,"['good', 'work', 'life', 'balanc']",facebook
283,"['good', 'peopl', 'dream', 'job', 'good', 'place']",google
50514,"['opportun', 'cloud', 'focu', 'across', 'org']",microsoft
3994,"['competit', 'compens', 'talent', 'peer', 'open', 'work', 'environ', 'flexibl', 'work', 'time', 'easi', 'chang', 'product', 'servic', 'work']",google
66296,"['excel', 'peopl', 'good', 'benefit', 'develop', 'opportun']",microsoft
5132,"['benefit', 'perk', 'schedul', 'flexibl', 'cultur', 'parti']",google
35856,"['cool', 'work', 'environ', 'peopl']",netflix
4948,"['intern', 'group', 'employe', 'work']",google
5815,"['highli', 'skill', 'team', 'expert', 'logist', 'servic']",google
34959,"['peopl', 'flexibl', 'challeng', 'growth', 'potenti', 'life', 'benefit', 'program']",facebook
5886,"['nice', 'workplac', 'salari', 'friendli', 'colleagu']",google
36057,"['stun', 'colleagu', 'cater', 'lunch', 'healthi', 'snack', 'drink', 'great', 'pay', 'benefit']",netflix
1116,"['great', 'peopl', 'good', 'mindset', 'interest', 'challeng', 'good', 'food', 'good', 'work', 'life', 'balanc', 'good', 'match', 'stock', 'well']",google
63222,"['good', 'compens', 'packag', 'strong', 'brand', 'smart', 'motiv', 'peopl', 'industri', 'leader', 'drive', 'cloud', 'adopt', 'invest', 'lot', 'compet', 'develop', 'challeng', 'grow', 'develop', 'fantast', 'career', 'develop', 'your', 'region', 'global', 'role']",microsoft
35027,"['great', 'opportun', 'growth', 'learn', 'amaz', 'workplac', 'cultur']",facebook
5196,"['nice', 'environ', 'work', 'explor', 'talent']",google
60286,"['talent', 'peopl', 'great', 'benfit', 'strong', 'work', 'ethic', 'industri', 'leader', 'flexibl', 'move', 'within', 'compani']",microsoft
34629,"['tremend', 'autonomi', 'still', 'much', 'cultur', 'expect', 'find', 'impact', 'deliv', 'fast', 'pace', 'cultur', 'peopl', 'tri', 'stop', 'get', 'thing', 'done', 'everyon', 'valu', 'benefit', 'iter', 'easi', 'intern', 'mobil', 'interview', 'bs', 'everyth', 'decid', 'day', 'great', 'perk', 'comp', 'food', 'offic', 'space', 'healthcar', 'name', 'excit', 'work', 'build', 'everyth', 'social', 'media', 'vr', 'react', 'airplan']",facebook
62753,"['get', 'work', 'best', 'technolog', 'flexibl', 'work', 'lot', 'talent', 'peopl']",microsoft
5072,"['nice', 'food', 'mani', 'smart', 'peopl']",google
5891,"['amaz', 'technolog', 'work', 'atmospher', 'colleagu', 'compens']",google
35245,"['high', 'respons', 'day', 'one', 'high', 'power', 'day', 'one', 'compani', 'live', 'motto', 'move', 'fast', 'dont', 'afraid']",facebook
52032,"['smart', 'peopl', 'hard', 'problem', 'good', 'benefit']",microsoft
34792,"['come', 'even', 'dare', 'write', 'pro', 'long', 'list']",facebook
35004,"['open', 'cultur', 'secret', 'project', 'opportun', 'growth', 'access', 'manag', 'via', 'weekli', 'qa', 'lot', 'learn', 'develop', 'cours', 'encourag', 'work', 'passion', 'perk', 'benefit', 'chang', 'accord', 'employe', 'want']",facebook
35000,"['great', 'pay', 'great', 'benefit', 'interest', 'work', 'get', 'work', 'best', 'engin', 'world', 'busi', 'incred', 'well']",facebook
51513,"['awesom', 'compani', 'especi', 'famili', 'work', 'life', 'balanc', 'reason', 'benefit', 'great']",microsoft
6880,"['salari', 'benefit', 'nice', 'chair', 'desk']",google
35441,"['ive', 'work', 'differ', 'compani', 'invest', 'bank', 'cpg', 'tech', 'compani', 'noth', 'beat', 'peopl', 'amaz', 'mention', 'wick', 'smart', 'youll', 'surround', 'talent', 'peopl', 'world', 'mission', 'chang', 'world']",facebook
36639,"['peopl', 'highli', 'motiv', 'fun', 'work', 'smart', 'group', 'individu', 'good', 'find', 'effici']",netflix
2170,"['learn', 'opportun', 'explor', 'learn', 'grow', 'job']",google
35184,"['awesom', 'peopl', 'great', 'cultur', 'great', 'food']",facebook
35138,"['opinion', 'oper', 'polici', 'extrem', 'trust', 'respect', 'employe', 'give', 'us', 'mani', 'privileg', 'opportun', 'trust', 'us', 'screw', 'thing', 'abus', 'privileg', 'return', 'employe', 'respect', 'compani', 'back', 'addit', 'everyon', 'ridicul', 'smart', 'amaz', 'pleasur', 'work']",facebook
36000,"['great', 'pro', 'youll', 'work', 'mostli', 'extrem', 'compet', 'peopl', 'deal', 'team', 'within', 'compani', 'extrem', 'easi', 'peopl', 'help', 'effici', 'pay', 'lot', 'money', 'give', 'perk', 'like', 'free', 'food', 'paid', 'cell', 'phone', 'bill', 'etc', 'great', 'biggest', 'draw', 'alway', 'peopl', 'team', 'make', 'break', 'experi', 'make', 'sure', 'know', 'get', 'interview', 'dont', 'accept', 'job', 'team', 'dont', 'feel', 'excit', 'part']",netflix
35049,"['open', 'cultur', 'awesom', 'campu', 'free', 'food']",facebook
466,"['onboard', 'member', 'softwar', 'engin']",google
58645,"['better', 'averag', 'benefit', 'lot', 'intern', 'open']",microsoft
66160,"['big', 'compani', 'multipl', 'possibl', 'work', 'differ', 'project', 'switch', 'team', 'pay', 'gener', 'ok']",microsoft
35897,"['lot', 'overtim', 'avail', 'busi', 'season', 'flex', 'hour']",netflix
58232,"['intellig', 'passion', 'team', 'member', 'leadership', 'good', 'listen', 'alway', 'felt', 'treat', 'fairli', 'lot', 'opportun', 'especi', 'puget', 'sound', 'area']",microsoft
36187,"['compani', 'move', 'fast', 'product', 'minim', 'bureaucraci', 'gener', 'good', 'attempt', 'dissemin', 'vision', 'topdown', 'strong', 'technic', 'contributor', 'great', 'peer', 'polici', 'practic', 'employeefriendli', 'there', 'littl', 'impedi', 'get', 'stuff', 'done', 'compani', 'get', 'rid', 'lowperform', 'regularli']",netflix
36460,"['decent', 'pay', 'decent', 'benefit', 'plu', 'say', 'work', 'netlfix']",netflix
1166,"['met', 'great', 'peer', 'realli', 'talent', 'educ', 'love', 'student', 'parent']",google
63088,"['good', 'work', 'experi', 'softwar', 'engin', 'pure', 'softwar', 'compani']",microsoft
34701,"['great', 'environ', 'surround', 'world', 'class', 'engin', 'excel', 'colleagu', 'cultur', 'move', 'fast', 'bold', 'make', 'impact', 'collabor', 'meritocraci', 'less', 'polit', 'lot', 'freedom', 'compani', 'still', 'doesnt', 'lot', 'process']",facebook
7561,"['compani', 'still', 'grow', 'that', 'bit', 'understat', 'core', 'busi', 'well', 'busi', 'tri', 'becom', 'major', 'player', 'sideway', 'mobil', 'softwar', 'engin', 'group', 'scale', 'oper', 'amaz', 'size', 'still', 'one', 'best', 'compani', 'work', 'well', 'run', 'perk', 'cultur', 'doesnt', 'prohibit', 'fun', 'sens', 'encourag']",google
34428,"['fantast', 'environ', 'awesom', 'peopl', 'great', 'food', 'extrem', 'support', 'unbeliev', 'tech']",facebook
56744,"['good', 'career', 'path', 'someon', 'posit', 'learn', 'lot']",microsoft
2960,"['life', 'work', 'balanc', 'great']",google
36519,"['favorit', 'thing', 'surround', 'ridicul', 'talent', 'group', 'peopl', 'also', 'fun', 'work', 'manag', 'provid', 'clear', 'compass', 'prioriti', 'compani', 'make', 'easi', 'team', 'priorit', 'project', 'appropri', 'next', 'year', 'go', 'realli', 'interest', 'compani', 'make', 'transit', 'realli', 'good', 'dvd', 'mail', 'servic', 'great', 'way', 'get', 'movi', 'mail', 'internet']",netflix
34301,"['compens', 'littl', 'bit', 'better', 'compar', 'similar', 'compani', 'priceperform', 'ratio', 'quit', 'low', 'everyth', 'look', 'good']",facebook
36630,"['amaz', 'quickli', 'climb', 'ladder', 'incred', 'peopl', 'work', 'care', 'futur', 'involv']",netflix
35748,"['amaz', 'cultur', 'everyon', 'met', 'friendli', 'work', 'life', 'balanc', 'much', 'better', 'menlo', 'park', 'offic']",facebook
35204,"['brilliant', 'colleagu', 'fantast', 'startupish', 'cultur', 'desir', 'thing', 'right', 'way', 'interest', 'wide', 'vari', 'technolog', 'challeng', 'solv', 'great', 'perk', 'make', 'life', 'comfort']",facebook
2193,"['good', 'place', 'work', 'learn']",google
5153,"['perfect', 'servic', 'environ', 'wellmaintain']",google
1775,"['great', 'pay', 'includ', 'good', 'insur', 'annual', 'bonus', 'stock', 'grant', 'free', 'prepar', 'onsit', 'meal', 'breakfast', 'lunch', 'dinner']",google
36465,"['given', 'freedom', 'job', 'work', 'smartest', 'peopl', 'may', 'ever', 'work']",netflix
51968,"['great', 'peopl', 'work', 'deep', 'histori', 'differ', 'area']",microsoft
7247,"['benefit', 'food', 'offic', 'space', 'travel', 'etc']",google
35129,"['amaz', 'compani', 'cultur', 'ultra', 'align', 'vision', 'fantast', 'talent', 'motiv', 'colleagu', 'entrepreneuri', 'hacker', 'cultur', 'strong', 'cours', 'perk', 'nice', 'remov', 'distract', 'allow', 'focu', 'matter', 'attract', 'sole', 'perk', 'look', 'elsewher', 'dont', 'belong']",facebook
4030,"['perk', 'work', 'life', 'balanc', 'feel', 'valu', 'littl', 'bureacraci']",google
34971,"['perk', 'mindblow', 'awesom', 'food', 'thought', 'benefit', 'like', 'laundri', 'servic', 'onsit', 'acupunctur', 'clinic']",facebook
58676,"['good', 'peopl', 'work', 'flexibl', 'decent', 'pay', 'work', 'excit', 'technolog']",microsoft
35731,"['fantast', 'place', 'work', 'develop', 'career', 'develop', 'person', 'invest', 'aw', 'lot']",facebook
4599,"['open', 'environ', 'flexibl', 'work', 'hour', 'good', 'career', 'develop', 'near', 'futur']",google
36344,"['expect', 'best', 'everyon', 'push', 'us', 'great', 'possibl', 'extrem', 'candid', 'feedback', 'advic', 'help', 'realiz', 'object']",netflix
53257,"['great', 'work', 'environ', 'smart', 'peopl', 'flexibl', 'hour', 'result', 'driven']",microsoft
52172,"['proud', 'part', 'one', 'biggest', 'product']",microsoft
6462,"['everi', 'person', 'work', 'reput', 'compani', 'work', 'use', 'full', 'help', 'compni', 'allreadi', 'larg', 'compititor']",google
66014,"['great', 'place', 'great', 'peopl', 'great', 'cultur', 'good', 'benefit', 'appreci', 'notic', 'take', 'initi']",microsoft
35433,"['smartest', 'passion', 'peopl', 'ever', 'work', 'compani', 'mean', 'much', 'mani', 'humbl', 'employe']",facebook
3301,"['isnt', 'much', 'say', 'herei', 'mean', 'world', 'becom', 'digit', 'risetheir', 'expans', 'ridicul', 'loosen', 'though', 'time']",google
2469,"['good', 'perk', 'food', 'gener', 'lifestyl']",google
35377,"['intellectu', 'challeng', 'stimul', 'work', 'work', 'stream', 'part', 'decid', 'import', 'manag', 'handsoff', 'philosophi', 'long', 'perform', 'well', 'absolut', 'awesom', 'ton', 'opportun', 'develop', 'technic', 'commun', 'skill', 'perk', 'perk', 'perk']",facebook
4765,"['look', 'good', 'resum', 'addit', 'everybodi', 'speak', 'recogn', 'compani', 'work', 'certainli', 'good', 'name', 'recognit', 'lot', 'learn', 'opportun', 'intellig', 'peopl', 'learn', 'beyond', 'provid', 'cours', 'take', 'advantag', 'resourc', 'make', 'work', 'compani', 'worth', 'least', 'period', 'time']",google
36489,"['ive', 'work', 'mani', 'place', 'valley', 'small', 'hot', 'startup', 'larg', 'mega', 'corp', 'far', 'best', 'place', 'run', 'compani', 'handpick', 'friend', 'could', 'better']",netflix
35171,"['innov', 'hardwork', 'fast', 'pace', 'friendli', 'fun', 'challeng', 'work', 'environ']",facebook
54911,"['lot', 'opportun', 'new', 'skill', 'new', 'role']",microsoft
35080,"['flat', 'org', 'structur', 'grow', 'compani', 'profession', 'opportun', 'open', 'transpar', 'leadership', 'incred', 'employe', 'perk']",facebook
1322,"['great', 'perk', 'cowork', 'project', 'task']",google
34394,"['awesom', 'peopl', 'great', 'cultur', 'excit', 'fastmov', 'environ']",facebook
1971,"['incred', 'cultur', 'smart', 'peopl', 'give', 'lot', 'respons', 'intern', 'high', 'leverag', 'work']",google
5991,"['flexibl', 'hour', 'smart', 'cowork']",google
60900,"['new', 'mba', 'look', 'steadi', 'limit', 'career', 'execut', 'consid', 'new', 'career', 'msft', 'happi', 'manag', 'gener', 'aw', 'top', 'excut', 'inbr', 'think', 'innov', 'hereinnov', 'belong', 'compani']",microsoft
55623,"['gener', 'peopl', 'great', 'work', 'intellig', 'passion', 'benefit', 'except', 'medic', 'dental', 'cafeteria', 'health', 'option', 'varieti', 'work', 'opportun', 'quit', 'nice', 'area', 'everyon']",microsoft
1009,"['work', 'environment', 'develop']",google
4308,"['noth', 'good', 'say', 'compani', 'work', 'death', 'much', 'back', 'stab', 'polit']",google
36255,"['cultur', 'freedom', 'respons', 'brilliant', 'cowork']",netflix
52229,"['structur', 'work', 'good', 'benefit', 'great', 'locat']",microsoft
35387,"['freedom', 'start', 'cultur', 'opportun', 'take', 'risk']",facebook
35144,"['technic', 'bar', 'across', 'compani', 'realli', 'high', 'make', 'great', 'place', 'build', 'great', 'thing', 'learn', 'peer', 'ton', 'benefit', 'make', 'life', 'comfort', 'laundri', 'commut', 'shuttl', 'restaur', 'gym', 'noth', 'beat', 'surround', 'great', 'peopl']",facebook
35245,"['high', 'respons', 'day', 'one', 'high', 'power', 'day', 'one', 'compani', 'live', 'motto', 'move', 'fast', 'dont', 'afraid']",facebook
36261,"['hard', 'pleas', 'hard', 'maintain', 'good', 'number', 'servic', 'issu']",netflix
1855,"['micromanag', 'long', 'get', 'work', 'done', 'long', 'your', 'good', 'work', 'succeed']",google
58623,"['mani', 'opportun', 'peopl', 'great', 'motiv', 'mani', 'challeng', 'work', 'benefit', 'great']",microsoft
2888,"['tight', 'good', 'job', 'great', 'benefit']",google
34732,"['work', 'product', 'use', 'billion', 'run', 'ceo', 'execut', 'team', 'rockstar', 'mission', 'driven', 'flexibl', 'cut', 'edg', 'product', 'use', 'peopl', 'develop', 'publish', 'advertis', 'etc', 'awesom', 'perk']",facebook
2264,"['dont', 'need', 'worri', 'breakfast', 'lunch', 'dinner', 'weekday', 'nice', 'health', 'benefit', 'good', 'compani', 'cultur']",google
36294,"['low', 'bs', 'small', 'agil', 'team', 'lot', 'get', 'done', 'less', 'se', 'rest', 'lot', 'share', 'inform', 'account', 'freedom']",netflix
4156,"['lot', 'learn', 'job', 'cultur', 'uniqu', 'cowork', 'help', 'engag']",google
3659,"['incred', 'perk', 'incred', 'autonomi', 'great', 'cowork', 'good', 'pay', 'interest', 'project']",google
36531,"['great', 'place', 'highli', 'talent', 'peopl', 'work', 'time', 'time', 'impress', 'capabl', 'colleagu', 'abil', 'work', 'togeth', 'team', 'compani', 'also', 'clear', 'strategi', 'focus', 'execut', 'strategi', 'great', 'dont', 'lot', 'ancillari', 'distract']",netflix
336,"['good', 'environ', 'room', 'grow', 'train', 'good', 'manag']",google
7807,"['kreativ', 'umfeld', 'gute', 'teamstruktur', 'gute', 'imag']",google
55862,"['great', 'compani', 'work', 'great', 'salari', 'good', 'perk', 'go', 'learn', 'lot', 'dont', 'much', 'experi']",microsoft
35080,"['flat', 'org', 'structur', 'grow', 'compani', 'profession', 'opportun', 'open', 'transpar', 'leadership', 'incred', 'employe', 'perk']",facebook
3711,"['experi', 'one', 'largest', 'well', 'know', 'compani', 'world', 'great', 'locat', 'amongst', 'similar', 'mind', 'peopl']",google
4832,"['smart', 'peopl', 'great', 'benefit', 'compani', 'attitud', 'compani', 'truli', 'tri', 'evil', 'seen', 'insid', 'absolut', 'best', 'perk', 'one', 'imagin', 'hous', 'doctor', 'free', 'food', 'realli', 'gourmet', 'food', 'great', 'technolog', 'truli', 'encourag', 'innov', 'peopl', 'gener', 'respect', 'work', 'well', 'togeth']",google
35125,"['interest', 'work', 'smart', 'peopl', 'great', 'environ', 'abil', 'make', 'huge', 'impact', 'short', 'period', 'time']",facebook
36407,"['hire', 'senior', 'staff', 'high', 'salari', 'benefit', 'extrem', 'agil', 'psudounlimit', 'vacat', 'polici', 'great', 'experi']",netflix
34304,"['individu', 'empow', 'make', 'impact', 'via', 'autonomi', 'manag', 'care', 'employe', 'help', 'grow', 'great', 'place', 'grow', 'career', 'smart', 'kind', 'cowork']",facebook
34429,"['engin', 'trust', 'lot', 'freedom']",facebook
34437,"['open', 'cultur', 'hierarch', 'lot', 'opportun', 'make', 'impact', 'lot', 'respect']",facebook
4611,"['workinng', 'new', 'product', 'break', 'thru', 'tech', 'area', 'dev', 'feild', 'comp', 'sc']",google
7704,"['amaz', 'perksfre', 'gym', 'food', 'best', 'young', 'fun', 'co', 'worker']",google
95,"['great', 'experi', 'good', 'peopl', 'new', 'challeng']",google
35988,"['experi', 'train', 'freedom', 'express']",netflix
35159,"['talent', 'peopl', 'everywher', 'lot', 'perk']",facebook
36335,"['complet', 'run', 'busi', 'make', 'day', 'day', 'decis', 'employe', 'hire', 'fire']",netflix
34616,"['good', 'work', 'life', 'balanc']",facebook
35337,"['smart', 'passion', 'colleagu', 'solv', 'big', 'challeng', 'technic', 'problem', 'opportun', 'make', 'instantan', 'impact', 'billion', 'peopl']",facebook
59743,"['offer', 'insight', 'great', 'place', 'work', 'varieti', 'latest', 'cut', 'edg', 'technolog', 'search', 'mobil', 'xbox', 'game', 'window', 'os', 'sql', 'cloud']",microsoft
34545,"['great', 'perk', 'benefit', 'challeng', 'posit', 'vibe']",facebook
36440,"['perform', 'base', 'better', 'perform', 'get', 'pick', 'hour', 'free', 'food', 'free', 'subcript', 'decent', 'pay', 'benefit', 'easi', 'commun', 'team', 'hr', 'loss', 'prevent']",netflix
5150,"['amaz', 'compani', 'start', 'insan', 'perk', 'incred', 'workforc', 'network', 'great', 'salari', 'huge', 'learn', 'opportun']",google
35377,"['intellectu', 'challeng', 'stimul', 'work', 'work', 'stream', 'part', 'decid', 'import', 'manag', 'handsoff', 'philosophi', 'long', 'perform', 'well', 'absolut', 'awesom', 'ton', 'opportun', 'develop', 'technic', 'commun', 'skill', 'perk', 'perk', 'perk']",facebook
35195,"['clear', 'vision', 'talent', 'divers', 'employe', 'awesom', 'benefit', 'solid', 'upper', 'manag', 'leadership']",facebook
36138,"['manag', 'amaz', 'want', 'bring', 'best', 'employe', 'help', 'drive', 'behavior', 'freedom', 'respons', 'huge', 'thing', 'get', 'lot', 'freedom', 'creat', 'path', 'success', 'cowork', 'amaz', 'everyon', 'bring', 'someth', 'els', 'tabl', 'kind', 'place', 'make', 'long', 'last', 'relationship']",netflix
35043,"['amaz', 'place', 'mani', 'way', 'benefit', 'perk', 'liter', 'best', 'possibl', 'ask', 'calib', 'peopl', 'amaz', 'well', 'fact', 'littl', 'scari', 'intimid', 'like', 'fast', 'pace', 'place', 'product', 'chang', 'overnight']",facebook
61838,"['impact', 'huge', 'number', 'peopl', 'worlwid']",microsoft
35805,"['talent', 'peopl', 'unconvent', 'work', 'style', 'peopl', 'creativ', 'profession', 'furthermor', 'keep', 'stress', 'focu', 'work', 'highest', 'effici', 'everyon', 'friendli', 'importantli', 'divers', 'key', 'explor', 'power']",facebook
1190,"['there', 'polit', 'offic']",google
34304,"['individu', 'empow', 'make', 'impact', 'via', 'autonomi', 'manag', 'care', 'employe', 'help', 'grow', 'great', 'place', 'grow', 'career', 'smart', 'kind', 'cowork']",facebook
34306,"['thorough', 'interview', 'good', 'blend', 'past', 'experi', 'sourc', 'knowledg', 'convers', 'profession', 'abl', 'get', 'strong', 'understand', 'team', 'dynam', 'measur', 'success']",facebook
34653,"['great', 'food', 'smart', 'peopl', 'dont', 'take', 'work', 'home']",facebook
36036,"['high', 'perform', 'environ', 'your', 'given', 'huge', 'amount', 'respons', 'ownership', 'drive', 'work', 'your', 'abl', 'see', 'direct', 'impact', 'your', 'make', 'compani', 'result', 'compani', 'incred', 'transpar', 'everyon', 'compani', 'matter', 'level', 'could', 'tell', 'busi', 'direct', 'stun', 'colleagu', 'high', 'bar', 'hire', 'your', 'work', 'amongst', 'smart', 'driven', 'passion', 'folk']",netflix
2745,"['great', 'work', 'environ', 'great', 'perk']",google
7143,"['innov', 'user', 'top', 'prioriti', 'high', 'impact', 'job', 'get', 'influenc', 'million', 'good', 'compens', 'benefit', 'high', 'salari', 'stock', 'plan', 'vacat', 'day', 'also', 'good', 'healthcar', 'packag', 'great', 'perk', 'free', 'food', 'free', 'gym', 'free', 'pool', 'free', 'snack']",google
66981,"['flexibl', 'good', 'nice', 'averag']",microsoft
4692,"['good', 'perk', 'there', 'lot', 'smart', 'peopl', 'work', 'your', 'geek', 'like', 'youv', 'found', 'home']",google
34785,"['move', 'fast', 'work', 'smart', 'peopl', 'less', 'polit', 'open', 'cultur', 'high', 'bar', 'candid', 'even', 'compani', 'grown']",facebook
6389,"['cooper', 'outstand', 'work', 'cultur']",google
52881,"['never', 'worri', 'benefit']",microsoft
6676,"['smart', 'cowork', 'good', 'total', 'salari', 'lot', 'travel']",google
2969,"['cultur', 'peopl', 'compens', 'perk', 'benefit', 'anyth', 'think']",google
1794,"['alway', 'friendli', 'talent', 'peopl', 'work', 'around', 'alway', 'find', 'someon', 'likemind', 'may', 'even', 'share', 'similar', 'hobbi']",google
36556,"['great', 'compens', 'cultur']",netflix
34702,"['great', 'resourc', 'get', 'job', 'done', 'flexibl', 'independ', 'work', 'product', 'touch', 'peopl', 'transpar', 'across', 'organ']",facebook
35534,['good'],facebook
2177,"['good', 'cultur', 'high', 'pay', 'nice', 'offic']",google
35021,"['much', 'better', 'work', 'environ', 'compani']",facebook
34489,"['smart', 'peopl', 'excit', 'work', 'fun', 'work', 'environ', 'amaz', 'employe', 'benefit']",facebook
55083,"['super', 'smart', 'peopl', 'great', 'ceo', 'good', 'busi', 'mind', 'peopl', 'great', 'strategi', 'like', 'new', 'perform', 'manag', 'system']",microsoft
1170,"['great', 'food', 'perk', 'benefit', 'locat']",google
36160,"['work', 'wonder', 'like', 'big', 'famili', 'help']",netflix
4848,"['chanc', 'work', 'smart', 'peopl', 'perk', 'benefit']",google
36599,"['great', 'technolog', 'big', 'market', 'opportun', 'make', 'great', 'compani', 'part', 'leadership', 'made', 'bad', 'move', 'pass']",netflix
35762,"['great', 'place', 'work']",facebook
36611,"['fast', 'pace', 'environ', 'lot', 'smart', 'peopl', 'minimum', 'process', 'great', 'engin', 'may', 'great', 'op', 'market', 'pay', 'would', 'seem', 'market', 'look', 'detail', 'point', 'realiz', 'market', 'ie', 'etc']",netflix
5983,"['great', 'place', 'work']",google
3237,"['best', 'work', 'place', 'great', 'environ', 'grow']",google
64246,"['industri', 'lead', 'salari', 'smart', 'peopl', 'great', 'opportun', 'make', 'impact']",microsoft
35791,"['give', 'opportun', 'build', 'career', 'way', 'would', 'like', 'amaz', 'work', 'cultur', 'support', 'help', 'colleagu']",facebook
130,"['great', 'cowork', 'great', 'benefit']",google
35577,"['great', 'place', 'aim', 'grow', 'profession', 'career', 'meet', 'excel', 'peopl', 'profession', 'driven', 'passion', 'impact', 'besid', 'incred', 'amount', 'perk', 'benefit', 'found', 'place', 'continu', 'learn', 'work', 'hard', 'problem', 'part', 'day', 'day', 'job', 'social', 'network', 'compani', 'best', 'youll', 'abl', 'interact', 'peopl', 'world', 'work', 'divers', 'set', 'challeng', 'lot', 'resourc', 'learn', 'develop', 'work', 'make', 'world', 'open', 'connect']",facebook
34423,"['autonomi', 'qualiti', 'cowork', 'competitv', 'pay', 'benefit', 'good', 'leadership', 'still', 'get', 'see', 'mark', 'quit', 'often']",facebook
7564,"['defo', 'peopl', 'bright', 'mind', 'clever', 'extrem', 'variou', 'background', 'make', 'brain', 'challeng', 'environ']",google
57160,"['decent', 'good', 'benefit', 'pay', 'well']",microsoft
6406,"['lot', 'perk', 'good', 'leadership', 'use', 'product', 'impact', 'lot', 'peopl', 'genunin', 'good', 'mission', 'improv', 'inform', 'access', 'throughout', 'world']",google
1906,"['good', 'job', 'start']",google
35780,"['everyon', 'talk', 'amaz', 'perk', 'etc', 'biggest', 'pro', 'valu', 'fact', 'good', 'realli', 'make', 'huge', 'impact', 'absolut', 'fantast', 'thing', 'go', 'fast', 'even', 'current', 'compani', 'size', 'mayb', 'even', 'faster', 'say', 'everi', 'day', 'week', 'true', 'think', 'special', 'move', 'fast', 'set', 'high', 'standard', 'perform', 'go', 'hand', 'hand', 'realli', 'good', 'employe']",facebook
3604,"['smart', 'teammat', 'perk', 'learn', 'opportun', 'your', 'ever', 'bore', 'current', 'role', 'plenti', 'new', 'project', 'interest', 'team', 'jump', 'onto']",google
3921,"['fanci', 'compani', 'learn', 'new', 'stuff']",google
34300,"['great', 'perk', 'cultur', 'place']",facebook
64669,"['great', 'place', 'shape', 'career', 'learn', 'variou', 'technolog', 'depth', 'good', 'offic', 'space', 'ambienc', 'well', 'organ', 'overal', 'good', 'talent', 'pool']",microsoft
36501,"['popul', 'realli', 'smart', 'peopl', 'work', 'hard', 'problem', 'compani', 'innov', 'time', 'time', 'open', 'cultur', 'question', 'ask', 'work', 'home', 'take', 'day', 'peopl', 'love', 'make', 'cool', 'work', 'compani', 'ad', 'subscrib', 'grow', 'financi', 'got', 'ta', 'love', 'economi', 'employe', 'get', 'free', 'eightout', 'plan', 'get', 'toward', 'travel', 'expens', 'sundanc', 'la', 'film', 'festiv', 'structur', 'salari', 'want', 'dedic', 'percentag', 'none', 'stock', 'option', 'get', 'salari', 'front', 'there', 'bonus', 'incent', 'payment', 'year']",netflix
35352,"['work', 'grow', 'fast', 'mean', 'there', 'lot', 'opportun', 'career', 'growth', 'your', 'motiv', 'cowork', 'rang', 'good', 'stupend', 'great', 'engin', 'ive', 'seen', 'sign', 'yet', 'decreas', 'qualiti', 'new', 'hire', 'product', 'incred', 'rare', 'opportun', 'build', 'product', 'use', 'th', 'world', 'popul', 'visit', 'far', 'flung', 'corner', 'world', 'walk', 'cafe', 'see', 'peopl', 'use', 'thing', 'ive', 'built', 'connect', 'friend', 'love', 'one']",facebook
1604,"['mani', 'opportun', 'insid', 'compani', 'nice', 'resum']",google
5300,"['despit', 'larg', 'size', 'still', 'great', 'compani', 'work']",google
6915,"['great', 'cultur', 'career', 'opportun', 'mention', 'canteen']",google
35731,"['fantast', 'place', 'work', 'develop', 'career', 'develop', 'person', 'invest', 'aw', 'lot']",facebook
35575,"['awesom', 'peopl', 'open', 'cultur', 'high', 'level', 'trust', 'littl', 'bs', 'bureaucraci']",facebook
35990,"['top', 'market', 'compens', 'good', 'product']",netflix
36048,"['pay', 'benifit', 'start', 'fast', 'free']",netflix
35125,"['interest', 'work', 'smart', 'peopl', 'great', 'environ', 'abil', 'make', 'huge', 'impact', 'short', 'period', 'time']",facebook
35094,"['develop', 'gener', 'technic']",facebook
36628,"['your', 'hard', 'talent', 'worker', 'place']",netflix
34966,"['amaz', 'growth', 'potenti', 'place', 'could', 'move', 'quickli', 'fast', 'everyon', 'focus', 'impact', 'time', 'worth', 'dont', 'learn', 'best', 'world', 'unbeat', 'pay', 'benefit', 'work', 'environ', 'cultur']",facebook
54234,"['biggest', 'pro', 'would', 'felt', 'like', 'famili', 'work', 'everyon', 'care', 'much', 'one', 'anoth', 'realli', 'made', 'come', 'work', 'whole', 'lot', 'better', 'day', 'day']",microsoft
4378,"['perk', 'clearli', 'huge', 'win', 'best', 'part', 'work', 'autonomi', 'given', 'real', 'impact', 'work', 'seen', 'million', 'peopl']",google
631,"['get', 'job', 'dream', 'everyon', 'there', 'lot', 'techi', 'peopl', 'around', 'ive', 'happier', 'love', 'work']",google
65519,"['environ', 'lot', 'opportun', 'job', 'mobil', 'good', 'salari', 'benefit']",microsoft
35120,"['make', 'impact', 'billion', 'peopl']",facebook
34989,"['work', 'smart', 'peopl', 'challeng', 'problem', 'learn', 'exist', 'infrastructur']",facebook
3490,"['els', 'say']",google
36192,"['none', 'mayb', 'pay', 'receiv', 'better', 'offer', 'current', 'employ']",netflix
34691,"['lot', 'flexibl', 'freedom', 'focu', 'impact', 'access', 'greatest', 'mind', 'field', 'lot', 'perk', 'benefit', 'almost', 'hard', 'take', 'advantag', 'sinc', 'mani', 'like', 'great', 'work']",facebook
58049,"['great', 'peopl', 'part', 'great', 'opportun']",microsoft
36478,"['around', 'better', 'salari', 'averag', 'flexibl', 'long', 'employ', 'good', 'leadership', 'good', 'hr', 'team', 'vacat', 'polici']",netflix
36515,"['work', 'incred', 'talent', 'peopl', 'passion', 'work', 'transpar', 'leadership', 'cultur', 'afraid', 'address', 'misstep', 'quickli', 'openli', 'metricsdriven', 'consum', 'scienc', 'cultur', 'valu', 'testabl', 'hypothes', 'number', 'ego', 'croni', 'encourag', 'maverick', 'right', 'challeng', 'anyth', 'anyon', 'respect', 'treat', 'employe', 'fulli', 'form', 'adult', 'provid', 'freedom', 'respons', 'come']",netflix
34592,"['great', 'cultur', 'strong', 'divers', 'employe', 'level', 'great', 'perk', 'facil']",facebook
35531,"['cool', 'offic', 'great', 'benefit', 'casual', 'environ', 'ps', 'cafe', 'awesom']",facebook
2780,"['amaz', 'benefit', 'cowork', 'insur', 'opportun', 'advanc', 'abil', 'travel', 'worldwid']",google
1271,"['smart', 'fun', 'cowork', 'challeng', 'work', 'motiv']",google
34622,"['food', 'free', 'alway', 'delici']",facebook
36349,"['lead', 'edg', 'technolog', 'afraid', 'thing', 'differ', 'make', 'sens', 'agil', 'low', 'process', 'overhead', 'get', 'thing', 'done', 'clear', 'focu', 'simpl', 'busi', 'model', 'clear', 'respons', 'freedom', 'deliv']",netflix
34509,"['strong', 'leadership', 'lot', 'autonomi', 'intellig', 'care', 'colleagu']",facebook
35360,"['great', 'cultur', 'peopl', 'thrill', 'that', 'infecti', 'variou', 'perk', 'dont', 'hurt', 'constantli', 'feel', 'push', 'best']",facebook
2008,"['offic', 'space', 'realli', 'nice', 'good', 'place']",google
4322,"['lot', 'smart', 'peopl', 'work']",google
1544,"['great', 'worklif', 'balanc', 'lot', 'happi', 'hour']",google
457,"['strong', 'engin', 'cultur', 'excel', 'peer', 'lot', 'learn', 'opportun']",google
5820,"['lot', 'free', 'muesli', 'brunch', 'work', 'home', 'handi', 'live', 'mar']",google
4294,"['nice', 'environ', 'work', 'great', 'peopl', 'work', 'excit', 'project', 'also', 'good', 'benefit', 'competit', 'salari']",google
64827,"['one', 'get', 'reward', 'individu', 'perform', 'good', 'stock', 'award', 'good', 'bonus']",microsoft
34429,"['engin', 'trust', 'lot', 'freedom']",facebook
35337,"['smart', 'passion', 'colleagu', 'solv', 'big', 'challeng', 'technic', 'problem', 'opportun', 'make', 'instantan', 'impact', 'billion', 'peopl']",facebook
4559,"['great', 'place', 'fresh', 'grad', 'dynam', 'full', 'energi', 'lot', 'independ', 'place', 'network', 'capabl', 'peopl', 'good', 'learn', 'cuttingedg', 'engin', 'network']",google
36269,"['pay', 'name', 'help', 'resum', 'sinc', 'peopl', 'outsid', 'know', 'bad', 'insid']",netflix
36194,"['fun', 'environ', 'young']",netflix
34986,"['free', 'food', 'smart', 'peopl', 'potenti', 'work', 'impact', 'product']",facebook
36166,"['free', 'lunch', 'breakfast', 'depend', 'part', 'time', 'full', 'time', 'posit', 'full', 'benefit', 'well']",netflix
34265,"['amaz', 'benefit', 'compani', 'back', 'anyth', 'happen', 'person', 'dont', 'think', 'truli', 'work', 'fb', 'almost', 'work', 'compani', 'work', 'hard', 'toward', 'work', 'life', 'balanc', 'senior', 'leadership', 'hurdl', 'seem', 'right', 'thing']",facebook
36178,"['freedom', 'respons', 'creativ', 'atmospher', 'free', 'lunch', 'snack']",netflix
34635,"['opportun', 'massiv', 'impact', 'world', 'talent', 'colleagu', 'resourc', 'perk']",facebook
35230,"['lot', 'autonomi', 'freedom', 'take', 'risk']",facebook
36181,"['given', 'freedom', 'think', 'best', 'compani', 'smart', 'passion', 'cowork', 'great', 'work', 'environ']",netflix
36068,"['great', 'friendli', 'fun', 'cultur', 'everyon', 'free', 'vibe', 'clearanc', 'tattoo', 'pierc', 'artsi', 'trendi', 'motif', 'part', 'everyon', 'work', 'friendli', 'great', 'attitud', 'super', 'rad', 'break', 'room', 'stock', 'free', 'gourmet', 'tea', 'coffe', 'appl', 'banana', 'popcorn', 'also', 'flat', 'screen', 'stream', 'breakroom', 'well', 'free', 'max', 'packag', 'dvd', 'time', 'stream', 'doubletim', 'holiday', 'work']",netflix
5370,"['awesom', 'compani', 'work']",google
36345,"['free', 'food', 'hand', 'lot', 'casual', 'dress', 'code', 'lot', 'peopl', 'relat']",netflix
51797,"['product', 'improv', 'still', 'work', 'well', 'across', 'desktop']",microsoft
2153,"['teamwork', 'alway', 'someon', 'help', 'competit', 'fun', 'environ', 'free', 'food', 'intellig', 'colleagu', 'everywher']",google
1924,"['met', 'lot', 'intern']",google
59395,"['salari', 'benefit', 'learn', 'opportun', 'awesom']",microsoft
66724,"['peopl', 'great', 'process', 'polish', 'develop', 'opportun', 'massiv', 'compani', 'allow', 'work', 'home', 'specif', 'manag', 'eu', 'manag', 'humanist', 'russian', 'one', 'offer', 'bunch', 'intern', 'extern', 'train', 'includ', 'foreign', 'class']",microsoft
34423,"['autonomi', 'qualiti', 'cowork', 'competitv', 'pay', 'benefit', 'good', 'leadership', 'still', 'get', 'see', 'mark', 'quit', 'often']",facebook
36391,"['higher', 'industri', 'averag', 'salari']",netflix
58563,"['great', 'benefit', 'appreci', 'good', 'work', 'opportun', 'scope', 'like', 'microcosm', 'sever', 'differ', 'product', 'compani', 'work', 'togeth', 'common', 'goal']",microsoft
50643,"['work', 'life', 'balanc', 'well', 'manag', 'lot', 'smart', 'folk', 'work', 'excel', 'benefit', 'reward', 'right', 'team', 'easi', 'switch', 'team', 'intern']",microsoft
6288,"['someth', 'wrong', 'believ', 'higher', 'power', 'youd', 'believ', 'higher', 'power', 'make', 'mistak']",google
36140,"['open', 'cultur', 'your', 'larg', 'charg', 'success', 'necessari', 'process', 'employ', 'good', 'perk', 'health', 'insur', 'free', 'lunch']",netflix
34792,"['come', 'even', 'dare', 'write', 'pro', 'long', 'list']",facebook
35027,"['great', 'opportun', 'growth', 'learn', 'amaz', 'workplac', 'cultur']",facebook
36476,"['great', 'compens', 'us', 'start', 'becam', 'household', 'name', 'best', 'benefit', 'avail', 'especi', 'vacat', 'time', 'allot', 'day', 'stock', 'option', 'realli', 'turn', 'someth', 'begin', 'abl', 'say', 'work', 'everyon', 'know']",netflix
3528,"['good', 'perk', 'ok', 'salari', 'lot', 'smart', 'peopl']",google
4011,"['brilliant', 'mind', 'lot', 'interest', 'work', 'nobodi', 'bad', 'find', 'interest', 'project', 'hard', 'move']",google
35780,"['everyon', 'talk', 'amaz', 'perk', 'etc', 'biggest', 'pro', 'valu', 'fact', 'good', 'realli', 'make', 'huge', 'impact', 'absolut', 'fantast', 'thing', 'go', 'fast', 'even', 'current', 'compani', 'size', 'mayb', 'even', 'faster', 'say', 'everi', 'day', 'week', 'true', 'think', 'special', 'move', 'fast', 'set', 'high', 'standard', 'perform', 'go', 'hand', 'hand', 'realli', 'good', 'employe']",facebook
6199,"['competit', 'compens', 'great', 'perk', 'flexibl', 'work', 'hour', 'work', 'space', 'realli', 'nice', 'well', 'great', 'manag', 'possibl', 'commun', 'idea', 'junior', 'team', 'member']",google
36198,"['well', 'want', 'success', 'crave', 'success', 'ever', 'feel', 'like', 'there', 'opportun', 'job']",netflix
35355,"['excel', 'benefit', 'fun', 'environ', 'fun', 'outing', 'event']",facebook
35230,"['lot', 'autonomi', 'freedom', 'take', 'risk']",facebook
35120,"['make', 'impact', 'billion', 'peopl']",facebook
58349,"['good', 'salari', 'flexibl', 'work', 'arrang']",microsoft
4165,"['work', 'life', 'balanc', 'great', 'beta', 'tech', 'play']",google
35049,"['open', 'cultur', 'awesom', 'campu', 'free', 'food']",facebook
4060,"['realli', 'fantast', 'place', 'work', 'get', 'engag', 'challeng', 'excit', 'problem', 'height', 'intellig', 'commun', 'passion', 'brilliant', 'peer']",google
6014,"['realli', 'good', 'compani', 'cultur', 'encourag', 'lot', 'collabor', 'learn', 'set', 'peopl', 'would', 'actual', 'get', 'work']",google
63918,"['great', 'employe', 'benefit', 'great', 'medic', 'plan']",microsoft
36470,"['leadership', 'vision', 'know', 'execut', 'compani', 'stay', 'focus', 'feel', 'like', 'work', 'togeth', 'team', 'toward', 'goal', 'even', 'thing', 'arent', 'work', 'exactli', 'right', 'peopl', 'eager', 'accept', 'advic', 'make', 'thing', 'better']",netflix
481,"['great', 'work', 'life', 'balanc', 'great', 'food']",google
35865,"['pay', 'health', 'care', 'great']",netflix
